date,yt_pred_time_trend_1_dummy,yt_pred_time_trend_2_dummy,yt_pred_time_trend_3_dummy,yt_true,yt_pred_time_trend_3_fourier,yt_pred_mlp_8,yt_pred_mlp_30,yt_pred_stacked_mlp,yt_pred_d1d13_ar13,yt_pred_d1d12_mlp
1946-01-01,1095.0249999999992,1444.198616180507,1197.3892389014331,890,1138.240263583133,,,,,
1946-02-01,1077.3934210526309,1417.7272045877276,1182.2558001361936,992,1250.6692805200862,,,,,
1946-03-01,1214.0776315789465,1545.5715803337537,1321.1474334396976,979,1282.0046880942168,,,,,
1946-04-01,1322.1302631578938,1644.7843762768762,1431.116770390895,959,1425.2150843147772,,,,,
1946-05-01,1385.0249999999992,1698.83927674319,1495.6374952003118,1110,1564.7241622380238,,,,,
1946-06-01,1539.4986842105254,1844.473122881762,1651.44644997321,1546,1531.9319146678731,,,,,
1946-07-01,1929.709210526315,2225.843808421344,2042.701529446432,1539,2199.885663947838,,,,,
1946-08-01,3034.4986842105254,3321.7934352765697,3148.244838883136,3401,2989.3103428884065,,,,,
1946-09-01,2284.709210526315,2563.16412667662,2398.91848354648,2092,2535.8518322346986,,,,,
1946-10-01,1815.6565789473675,2085.271657162996,1930.0382529101475,1436,1845.1812415880104,,,,,
1946-11-01,1636.130263157894,1896.9055003584456,1750.3936206583508,1301,1778.8667492289214,,,,,
1946-12-01,1397.6039473684202,1649.5393429107253,1511.4582710016136,1287,1539.9901752271903,,,,,
1947-01-01,1220.817543859648,1464.4041988594968,1362.532522178096,1488,1302.4547672028712,,,,,
1947-02-01,1203.1859649122798,1438.9149915567698,1344.924980777525,1517,1412.430127355236,1260.8287581197696,1161.9087471712585,1205.9091766608774,,
1947-03-01,1339.8701754385957,1567.7415715928482,1481.3748133795798,1707,1441.3439891327448,1360.020366506708,1224.595629831644,1282.3323781895372,,
1947-04-01,1447.922807017543,1667.9365718260235,1588.9346515632103,1729,1582.16495054465,1434.9276830258302,1163.759982358293,1273.433292694676,,
1947-05-01,1510.817543859648,1722.9736765823898,1651.0781795389423,1788,1719.316704647208,1488.1159796137486,1617.401737005484,1335.6017470015531,,
1947-06-01,1665.2912280701746,1869.5897270110145,1804.5422394120385,2008,1684.1992442443357,1665.9033804755445,1795.6152562820116,1497.3697155066295,,
1947-07-01,2055.501754385964,2251.9426168406494,2193.48472591934,2203,2349.859891679545,1959.1560238786856,2195.3682622280417,1863.957944914859,,
1947-08-01,3160.291228070175,3348.874447985927,3296.747744324005,3713,3137.023579763325,2746.7774581373733,2564.8266437247357,2894.159199623361,,
1947-09-01,2410.501754385964,2591.22734367603,2545.1733998891923,2946,2681.336189240795,2630.703128844552,2533.351261774389,2863.775341039616,,
1947-10-01,1941.4491228070167,2114.317078452459,2074.077482088586,2082,1988.468829713252,2093.597527732729,2028.9632602537683,2029.615235978266,,
1947-11-01,1761.922807017543,1926.933125937961,1892.249464606397,2033,1919.9896794612744,1741.7666614193508,1753.9262233347822,1480.9424720209256,,
1947-12-01,1523.3964912280694,1680.5491727802937,1651.16303165315,1937,1678.9805585546212,1677.8859347553462,1738.4145712871962,1537.4542162262408,,
1948-01-01,1346.610087719297,1496.3962330191175,1500.118501467004,1711,1439.344714613347,1753.5357886832237,1654.5969122026756,1652.0117303249654,,
1948-02-01,1328.978508771929,1471.889230006443,1480.4244806376878,1775,1547.251749836723,1739.437567935572,1624.823851800075,1669.055356603778,,
1948-03-01,1465.6627192982446,1601.698014332574,1614.8201357448788,1902,1574.12939767321,1888.1827194795087,1773.307155604725,1883.153469313908,1972.255844928933,2028.7039407827642
1948-04-01,1573.715350877192,1702.875218855802,1720.358098367528,1846,1712.9462561320595,1983.316236258442,1700.5517939787717,1939.414730605254,1965.2077776186552,2029.314732303791
1948-05-01,1636.610087719297,1758.894527902221,1780.5120527161607,2083,1848.126018269529,1983.9057651298167,1967.3471905290132,1892.824074311289,2015.5355067383664,1953.3964432646271
1948-06-01,1791.0837719298238,1906.4927826208984,1932.018840896039,2262,1811.068676889535,2158.2066304630985,2256.989223576886,2084.8934484011056,2424.4744858631075,2424.860525338825
1948-07-01,2181.2942982456134,2289.827876740585,2319.0363576440045,2193,2474.821554335589,2554.716004430552,2615.404691086446,2533.9061811109777,2359.073541826468,2487.2813180438006
1948-08-01,3286.083771929824,3387.741912175916,3420.406708223217,3792,3260.1095834181806,3127.638201003202,2906.2397163886494,3224.9487829434306,3968.0454167379567,3810.989459346325
1948-09-01,2536.2942982456134,2631.077012156072,2666.9719978968333,2343,2802.578644882429,3252.58707489919,3081.437455423415,3492.979939566472,2808.073884261493,3064.595439478753
1948-10-01,2067.241666666666,2155.148951222553,2194.048016138538,2313,2107.89984832963,2329.598192114197,2196.937991488533,2224.2772761725173,1778.0672838479368,1556.345415580673
1948-11-01,1887.715350877192,1968.747202998108,2010.4242366325427,2179,2037.6413720403643,2212.224623916176,2242.1434329826725,2132.686406582887,2014.340903926257,2354.4007977696783
1948-12-01,1649.1890350877184,1723.3454541304927,1767.574343589371,1975,1794.8850360843894,2040.1687921261075,2037.858109753428,2016.651243986959,2064.639740338307,2191.145401048043
1949-01-01,1472.4026315789465,1540.174718659369,1614.7986552471823,1880,1553.5340880817596,1933.9856433428847,1805.5038211538829,1838.43563066775,1946.737616686484,1812.469215644036
1949-02-01,1454.7710526315782,1516.6499199367477,1593.4057781957056,1930,1659.7581302317471,1924.142354971164,1861.8689784844569,1896.2684076311289,1920.0382763384189,2024.0490309538782
1949-03-01,1591.4552631578938,1647.4409085529314,1726.1348790146185,2060,1684.9848959828123,2053.185689511821,1957.53714997159,2049.0046827920337,1982.7815379669228,2128.6208428710543
1949-04-01,1699.507894736841,1749.6003173662118,1830.038589282871,1843,1822.1829833442068,2121.5484272168123,1863.2850673893545,2077.092607009939,2044.2205330800784,2086.0660386259647
1949-05-01,1762.4026315789465,1806.6018307026832,1888.5905932109897,2052,1955.776085372188,2138.687668806007,2200.992788523069,2074.2585815882444,2085.3814693783934,2181.7456867631586
1949-06-01,1916.8763157894728,1955.1822897114127,2038.527732904236,2039,1917.1641948706715,2266.962148436801,2260.1202546806853,2213.790710950877,2220.651094997744,2290.279608100136
1949-07-01,2307.0868421052623,2339.499588121153,2424.007903099452,2351,2579.39463418317,2466.51375748135,2526.8406847788806,2433.34039241493,2249.044692701502,2081.023911194663
1949-08-01,3411.8763157894728,3438.395827846536,3523.8732090597964,3394,3363.1923361201734,3112.6185945619177,2868.999684278089,3251.918120124103,3762.607581117477,3960.670796923423
1949-09-01,2662.0868421052623,2682.7131321167444,2768.9657560484275,3581,2904.2031814268,2846.6459543004894,2759.787611963146,3016.640934569318,2548.4353384914266,2092.634310112986
1949-10-01,2193.034210526315,2207.7672754732785,2294.6013335390285,2489,2208.0982797043453,2984.594223440351,2786.572610258561,3097.2310394574847,2640.605934145344,3651.6832011367296
1949-11-01,2013.5078947368413,2022.3477315388857,2109.569415215812,2468,2136.445809233391,2447.210598083738,2352.3417318852685,2336.367524001348,2469.6987478975752,2488.5360002136476
1949-12-01,1774.9815789473676,1777.9281869613233,1865.3436852893003,2134,1892.327590083694,2239.320614258432,2301.17843143007,2176.2384981414434,2226.1934964846605,2284.3888660755583
1950-01-01,1598.1951754385957,1595.7396557802526,1711.224461997655,1903,1649.6468698753092,2070.482450931117,1998.127050777558,1995.8158248486693,2046.4588016074367,2148.57384815323
1950-02-01,1580.5635964912271,1573.1970613476833,1688.5203519306028,1719,1754.573250807508,2033.956729961612,1954.8161363443091,1989.7650353954864,1992.470344726052,2017.9955526149988
1950-03-01,1717.247807017543,1704.9702542539198,1819.9705216678224,1617,1778.534466328751,2029.406107196108,1889.716494945145,2031.4423562616848,2074.5844593709207,1913.4827402894498
1950-04-01,1825.3004385964905,1808.1118673572528,1922.6276027882648,1818,1914.4991144482904,1992.4547221399064,1743.5577115070214,1940.6552377093,1683.141804259445,1504.4223695868686
1950-05-01,1888.195175438596,1866.0955849837767,1979.9652795024545,2067,2046.8908882223827,2110.0116713746493,1960.636410461235,2077.5738377445814,1980.5450024229017,2068.1211382877223
1950-06-01,2042.668859649122,2015.6582482825595,2128.720393915654,2457,2007.1097804549447,2224.14210489509,2281.105062300195,2178.55697223854,2195.699723519924,2211.329995388809
1950-07-01,2432.879385964912,2400.957750982352,2513.0508407647053,2600,2668.2031134894883,2698.725168540335,2687.639092248724,2700.5676431352467,2317.670010183856,2751.648284099976
1950-08-01,3537.668859649122,3500.836194997788,3611.798725312768,3530,3450.895820136502,3306.456967995082,3144.0762964072896,3381.338698258829,3950.114521213785,3905.8669528656183
1950-09-01,2787.879385964912,2746.1357035580486,2855.8061528229982,2693,2990.8337811411066,3577.912782447563,3320.2813015851143,3732.599047539772,2955.789534250798,3657.0731364906314
1950-10-01,2318.826754385964,2272.172051204635,2380.388912769081,2448,2293.688106104597,2725.543317076077,2620.785270048574,2701.1937008081413,2185.362043995555,1707.4330133608473
1950-11-01,2139.3004385964905,2087.734711560295,2194.336478835228,2250,2221.0269733075547,2495.2768998701727,2487.4152192108118,2469.363887306733,2356.63328220858,2473.443477449734
1950-12-01,1900.7741228070167,1844.297371272785,1949.122535231963,1972,1975.9322028197355,2192.076661085717,2154.494742512468,2177.622693083817,2083.927275864969,2053.5518571644225
1951-01-01,1723.9877192982449,1663.091044381767,1794.0474001974453,1682,1732.307042261195,2002.653619390742,1868.5228541074648,1950.7759584536248,1834.4339849892567,1803.118316190571
1951-02-01,1706.3561403508763,1641.5306542392505,1770.4196803214036,1730,1836.3210938312047,1840.2046706665635,1683.700693133692,1781.490203186397,1632.1512663734024,1565.1216909043378
1951-03-01,1843.040350877192,1774.286051435539,1900.978542183516,1814,1859.4020909782264,1878.897587188282,1749.5618188957487,1831.821727308376,1650.0431531642243,1725.0489550214725
1951-04-01,1951.09298245614,1878.409868828925,2002.776617362732,1900,1994.5186317115104,2021.392437881441,1816.356838036491,1963.862264144632,1735.5211881898458,2073.406346958076
1951-05-01,2013.9877192982449,1937.3757907455013,2059.2875900695785,2051,2126.0944090873136,2188.512920383572,2202.7998090252117,2144.152572075086,2059.432309280204,2295.833100830587
1951-06-01,2168.461403508771,2087.9206583343366,2207.2483024093167,2290,2085.529415909554,2435.181010205792,2416.2864327225125,2411.998725209679,2243.0639720915124,2501.846281700591
1951-07-01,2558.6719298245607,2474.202365324182,2590.816649118789,2599,2745.870974521742,2744.434115647028,2728.7880798664714,2769.0959779411096,2505.690404479523,2558.6460655395604
1951-08-01,3663.461403508771,3575.0630136296704,3688.834735461153,3428,3527.844017734368,3174.0527430359903,2972.0339559666363,3294.647160296792,3447.2218188010147,3512.2291464542614
1951-09-01,2913.6719298245607,2821.344726479984,2932.1446666995694,2262,3067.0944262925505,3072.884291689687,2956.052464665356,3229.347003890203,3216.806776688809,2762.8341749152296
1951-10-01,2444.619298245613,2348.363278416623,2456.06223230772,2242,2369.293309797585,2483.550921091401,2370.823476343492,2411.6696728695106,2018.5965940809683,2024.7912753717947
1951-11-01,2265.0929824561395,2164.9081430623355,2269.376905969815,2103,2296.0088465300537,2264.6624653623826,2274.8993428849058,2225.98641153426,1945.350122515054,2160.411337042864
1951-12-01,2026.566666666666,1922.4530070648784,2023.562371896382,1825,2050.322856559713,2022.9634877172048,1974.637810294616,1997.8971869980007,1810.473888536565,1901.5473028801644
1952-01-01,1849.7802631578936,1742.228884463913,1867.9189483255773,1670,1806.138587506617,1861.170430536144,1741.5741710635175,1764.9384968070965,1564.4544369281916,1623.2445113643216
1952-02-01,1832.1486842105253,1721.650698611449,1843.755241847132,1681,1909.6256415700389,1841.209893817581,1749.1544092206773,1792.8236390046293,1574.5203931965766,1827.3470001581309
1952-03-01,1968.832894736841,1855.3883000977903,1973.8104190407207,1713,1932.2117521984376,1931.9919983673324,1795.5877558568957,1891.2066494756843,1586.8698042319584,1849.365390758424
1952-04-01,2076.8855263157884,1960.4943217812288,2075.1371114852977,1954,2066.8655174010664,1986.95592812284,1804.1954703380452,1919.1028244791264,1792.4934808245737,1877.5604543667432
1952-05-01,2139.780263157894,2020.4424479878576,2131.209003391386,1876,2198.010630234181,2135.943013850513,2211.0624336461915,2108.3941124616213,2064.0757810885334,2184.5905073946606
1952-06-01,2294.25394736842,2171.969519866745,2278.7629368642483,2272,2157.0470835016995,2269.715557738094,2260.408714862941,2207.809387753809,2292.972049805392,2211.3990022849457
1952-07-01,2684.4644736842097,2559.2334311466434,2661.9568066407264,2612,2817.0221995471325,2684.39435850522,2680.34375248564,2733.6900191222726,2496.1662001117747,2662.8630041211227
1952-08-01,3789.25394736842,3661.076283742184,3759.63271798398,3590,3598.6609111809694,3034.7348630131014,2829.8383556024023,3180.8044930512915,3402.31706455876,3521.165528588752
1952-09-01,3039.4644736842097,2908.34020088255,3002.6327761571656,2496,3137.6090991483297,2886.170529707978,2802.547088833825,3044.3978895033088,2527.949162726716,2527.695220080771
1952-10-01,2570.4118421052626,2436.340957109242,2526.2727706339683,2441,2439.537873050509,2457.412065039796,2360.353901183736,2393.7043620233767,2391.274556499628,2566.8122700192434
1952-11-01,2390.8855263157884,2253.868026045008,2339.342175098599,2340,2366.015411168089,2268.818424125736,2286.001585333981,2220.6471577788966,2195.558485689038,2391.338366448841
1952-12-01,2152.359210526315,2012.3950943376024,2093.3146737615816,2090,2120.123533570826,2050.985174066736,2010.2038095966907,2018.2979385608176,2020.759905111632,2157.2561261243436
1953-01-01,1975.5728070175428,1833.1531760266896,1937.4905848610767,1812,1875.7654878787755,1941.240382367185,1853.712881949536,1864.155415988536,1841.8684165104205,2027.0149788846338
1953-02-01,1957.9412280701745,1813.5571944642784,1913.178514986811,1788,1979.110876291208,1874.6076359552203,1759.8157178497077,1816.670486556125,1852.2640728521565,1900.921016227192
1953-03-01,2094.6254385964903,1948.2770002406724,2043.1176307184644,1837,2001.587432256585,1953.9523878268487,1819.494441363463,1912.3950347339191,1915.464999225719,1922.9431354913686
1953-04-01,2202.678070175438,2054.365226214163,2144.3605636349853,1993,2136.163753784159,2052.159336276747,1820.5449673486512,2005.720384707392,2021.0194374229973,2142.31856085615
1953-05-01,2265.572807017543,2115.295556710845,2200.380997946901,2021,2267.263533930184,2106.0136949694074,2157.16037330437,2054.827335105387,2065.683179986679,2013.2734642122655
1953-06-01,2420.046491228069,2267.8048328797854,2347.9157757594726,2199,2226.2867654985807,2347.070659818836,2327.726439978824,2295.8721430325745,2381.239722657476,2491.9214169452916
1953-07-01,2810.257017543858,2656.050948449736,2731.122791809542,2622,2886.2807708328583,2725.706456248556,2701.7071255798687,2744.808213166378,2609.9441725559764,2630.17318283413
1953-08-01,3915.0464912280695,3758.8760053353294,3828.844151360269,3787,3667.970482743506,3177.8127733100177,2952.894970067872,3314.049780571979,3529.749554751544,3677.050025554351
1953-09-01,3165.257017543858,3007.122126765748,3071.9219596748108,2914,3207.001781975645,3138.6287775133123,3015.004923588928,3318.8876987075228,2554.2235968120904,2793.4750499360925
1953-10-01,2696.204385964911,2536.1050872824926,2595.672006226851,2487,2509.0457781305686,2807.735699686662,2646.13817294501,2800.5059736954613,2726.6867451614507,2963.8383421095914
1953-11-01,2516.678070175438,2354.6143605083103,2408.883764700601,2314,2435.67064948886,2485.0704908958696,2463.480922182373,2428.4612879268507,2482.940657002096,2466.851082965867
1953-12-01,2278.151754385964,2114.1236330909583,2163.0309193065864,2139,2189.9582161202748,2199.950082345504,2167.753502797681,2166.385387604842,2056.640816530725,2121.928935375605
1954-01-01,2101.365350877192,1935.8639190700976,2007.4137882829657,2124,1945.8117256448688,2028.901301617407,1935.659370558618,1971.421418556529,1891.643382800355,1946.2664846123516
1954-02-01,2083.733771929824,1917.2501417977392,1983.3409782194665,2214,2049.4007802619126,2033.03707997002,1944.0433062593809,2026.1910545552687,2047.092538308435,2201.6965934361315
1954-03-01,2220.41798245614,2052.952151864186,2113.551655695768,2234,2072.153113419868,2174.3806753770696,2029.779366072887,2188.8486152580685,2188.910692110557,2364.0513800830813
1954-04-01,2328.470614035087,2160.022582127729,2215.09845229082,2279,2207.037323127986,2286.8030590712497,2024.794275527249,2266.3896934127674,2397.59239757924,2500.9151026119816
1954-05-01,2391.365350877192,2221.935116914464,2271.455052215148,2423,2338.4771024425227,2315.1422867203974,2308.570741146188,2265.411107100131,2251.754149424397,2357.3284661605785
1954-06-01,2545.8390350877185,2375.4265973734564,2419.3582975740137,2290,2297.872444167397,2499.836850700852,2518.407212288241,2447.165039108652,2605.205970226212,2690.5091285426097
1954-07-01,2936.049561403508,2764.65491723346,2802.96608310426,2903,2958.2706706461195,2829.5950049824355,2812.6780251246005,2804.0615208735726,2862.1593079036884,2787.0727342875034
1954-08-01,4040.83903508772,3868.462178409106,3901.120514069046,4485,3740.396714689179,3470.152845207705,3231.7182682843563,3597.9199930266395,3981.396229431487,4182.740880751078
1954-09-01,3291.049561403508,3117.6905041295768,3144.6636957315286,3085,3279.896457041695,3673.9962981629214,3404.022861758712,3872.9269081491975,3287.061570222675,3719.709500413983
1954-10-01,2821.9969298245605,2647.6556689363742,2668.911417565392,2852,2582.441007304964,2987.9649928185563,2721.621526838077,2943.684387109552,2942.9117598776284,2736.13778963161
1954-11-01,2642.4706140350872,2467.147146452244,2482.6531532548474,2629,2509.5985437595664,2676.099494107128,2669.425787642692,2617.409691671752,2725.3903657133005,2731.7215874096946
1954-12-01,2403.944298245613,2227.638623324945,2237.36258701042,2435,2264.450886475259,2443.885240448425,2410.550259902487,2406.714500256828,2468.03760941908,2565.1397740682405
1955-01-01,2227.157894736841,2050.3611135941374,2082.340037070269,2227,2020.901283072097,2363.956025364919,2251.7332497378843,2329.934162620477,2317.5283871793417,2490.840176336874
1955-02-01,2209.526315789473,2032.729540611831,2058.894110024121,1944,2125.119335749353,2325.677504838712,2275.531300797448,2333.49403901878,2340.9693424101124,2413.2436063939213
1955-03-01,2346.210526315788,2169.41375496833,2189.763972451656,2125,2148.532777955485,2325.776825126617,2142.554133501158,2315.9242316487466,2142.592934682514,2017.6014756224986
1955-04-01,2454.263157894736,2277.4663895219264,2292.002255931823,2260,2284.110207699749,2439.76092366238,2132.0278234124225,2433.3009864959427,2276.4975961192904,2255.180614536579
1955-05-01,2517.157894736841,2340.361128598713,2349.08264467515,2299,2416.275318038397,2506.5639892681565,2490.721202993616,2495.5662249826346,2357.0249417504992,2472.375613059976
1955-06-01,2671.6315789473674,2494.834813347759,2497.7419807868955,2323,2376.4281017753488,2571.794534825656,2562.3265441951057,2489.280086712785,2347.4866481199406,2245.206955157326
1955-07-01,3061.842105263157,2885.0453374978147,2882.1381590039045,2659,3037.615881254116,3131.217731142353,3098.943063622497,3110.9317016651166,2907.7742384582943,3058.468776715079
1955-08-01,4166.631578947367,3989.8348029635135,3981.113284589334,3761,3820.563589285186,3754.421975214944,3425.8820832364263,3838.0567192499298,4038.965598575899,4267.946956619178
1955-09-01,3416.842105263157,3240.045332974037,3225.5094628063434,2779,3360.9171066136805,3511.0659716520327,3301.0110780841965,3662.3643359255448,2743.660015664742,2427.1048043459095
1955-10-01,2947.789473684209,2770.992702070887,2750.642483128615,2761,2664.3475428408933,3020.8995821312537,2831.805084679833,3010.138836729268,2463.585475053731,2612.5173037100667
1955-11-01,2768.263157894736,2591.4663838768097,2565.301819240361,2446,2592.423076247407,2805.457684569845,2739.312116632592,2810.4035509360124,2441.98325304631,2666.9948959543826
1955-12-01,2529.7368421052624,2352.940065039563,2320.961155352107,2278,2348.2255269029783,2515.250351415169,2425.781412787385,2511.828518927322,2272.578167906351,2333.213010994059
1956-01-01,2352.95043859649,2176.6447595988075,2166.9208097020096,1879,2105.658142427661,2304.385953692786,2193.6768020855093,2280.0399452592205,2063.447005838523,2131.1463917615156
1956-02-01,2335.318859649122,2159.9953909065543,2144.4893888798,1881,2210.890525020728,2077.8962221637603,2011.4177912040616,2024.8083840048,1821.3105596980472,1668.7782365237636
1956-03-01,2472.0030701754376,2297.661809553106,2276.406059465153,2165,2235.3504081306382,2206.7536437518315,2080.9048836923566,2197.4447551124576,1944.7964647125275,2134.503171735302
1956-04-01,2580.055701754385,2406.696648396755,2379.723453037021,2199,2372.006389766645,2380.812380307344,2135.897980127326,2404.223831950188,2142.348317926136,2408.2638603533524
1956-05-01,2642.95043859649,2470.5735917635943,2437.915253805931,2308,2505.282162985005,2421.2434247347333,2383.2744076837857,2413.080643194861,2292.6481602948625,2349.5130860103127
1956-06-01,2797.424122807017,2626.029480802693,2587.7183038771427,2529,2466.5777205896347,2532.0133472093944,2488.795603549765,2488.5244332262896,2228.112918046335,2415.801734926372
1956-07-01,3187.634649122806,3017.222209242801,2973.290497987499,2573,3128.940384924046,2957.702340982497,2926.6574010999866,2976.3122812425177,2774.352124124238,2927.5739474753273
1956-08-01,4292.424122807017,4122.993878998552,4073.473941400158,3946,3913.095088798728,3325.365659051212,3070.1446169416827,3406.8072200036067,4060.843442770123,3768.470759064465
1956-09-01,3542.634649122806,3374.186613299129,3319.110739378279,3200,3454.6877129588,3400.259023441461,3275.1472475229507,3576.161313368269,2806.723760822857,3054.20367838148
1956-10-01,3073.582017543859,2906.116186686031,2845.5166813955448,2574,2759.3893670055586,3125.9280195888737,2880.4102181553208,3163.217424095913,2876.90077444511,3304.786669470871
1956-11-01,2894.055701754385,2727.5720727820067,2661.4812411361663,2422,2688.7682292195823,2644.655755118025,2554.500739073401,2584.352714553314,2486.6485372491134,2335.0749460990573
1956-12-01,2655.5293859649114,2490.027958234812,2418.4781028106704,2446,2445.906119670632,2365.256304560589,2328.521804341972,2348.387861389081,2227.893366873413,2298.349527212971
1957-01-01,2478.7429824561395,2314.71485708411,2265.8075846572133,2828,2204.7062859787584,2209.931919420917,2105.5765276232805,2185.179672707965,2091.8702211722702,2179.4686430247557
1957-02-01,2461.1114035087708,2299.0476926819088,2244.778293265525,2879,2311.3383303432365,2396.6857138532428,2311.8725409828994,2448.903042626643,2407.069535848132,2951.4336645971425
1957-03-01,2597.795614035087,2437.6963156185134,2378.1293952152832,2800,2337.229986212525,2644.43816991807,2503.279701950621,2700.4151369310025,2905.136984827648,3302.296488727352
1957-04-01,2705.848245614034,2547.713358752215,2482.9135220854378,2835,2475.3498515958763,2707.216070106064,2416.7135289956136,2694.9031247874746,2853.957148452494,2904.0382503499695
1957-05-01,2768.7429824561395,2612.5725064091066,2542.6043580865166,2585,2610.121619549548,2760.9019718165614,2716.3012399641216,2732.7325820056403,2897.5513764678635,3029.0475396347338
1957-06-01,2923.216666666666,2769.010599738257,2693.9387453237787,2787,2572.945282877456,2735.434636675599,2723.633469903258,2659.6898078148383,2817.8779052974987,2848.853846864129
1957-07-01,3313.4271929824554,3161.1855324684184,3081.074578534068,3334,3236.868163923111,3037.611242141992,3047.5299352376696,3023.917481850934,3066.490056054574,2924.0092388022076
1957-08-01,4418.216666666666,4267.939406514222,4182.853962980542,4746,4022.6151954970046,3794.098203268122,3496.553016339145,3884.902627346026,4598.273226424708,4873.798770102065
1957-09-01,3668.427192982456,3520.114345104851,3430.11900392636,3613,3565.832258344254,3972.81314717636,3607.524478080215,4106.600753538058,3770.81687168409,4071.6920903265172
1957-10-01,3199.374561403508,3053.0261227818064,2958.185490845204,3463,2872.190462066157,3317.438892245936,3022.923773784382,3278.386154500386,3358.173752999255,3065.2413552407215
1957-11-01,3019.8482456140346,2875.4642131678343,2775.842897421289,3274,2803.257984943293,3089.131054134893,3049.2973528708003,3029.6603856788624,3140.227955865856,3365.311776305238
1957-12-01,2781.3219298245604,2638.902302910693,2534.5649078651345,2801,2562.116647045419,3011.887588220732,2963.041508053016,2966.921876813631,3198.6634411760806,3445.984445272845
1958-01-01,2604.5355263157885,2464.5714060500427,2383.651840414904,2488,2322.669695992591,2950.3760707935107,2877.244324340441,2920.5510497589285,3015.647233898225,3244.202723128835
1958-02-01,2586.90394736842,2449.8864459378947,2364.4123016603226,2386,2431.08673398408,2812.294607818969,2748.915807167752,2799.3892474652607,2715.9089328706305,2584.237540815863
1958-03-01,2723.588157894736,2589.517273164552,2499.585458181071,2428,2458.795494468347,2806.096329152718,2644.5052590086143,2821.5219132565235,2707.301458926191,2370.6105077948923
1958-04-01,2831.640789473683,2700.516520588306,2606.223941556097,2678,2598.764575454642,2840.7696325252227,2505.414269843788,2845.8029932995028,2657.630920441685,2505.2164589295644
1958-05-01,2894.5355263157885,2766.3578725352504,2667.801435995929,2744,2735.417669999225,2854.965463949121,2830.259956129327,2838.562465056754,2613.690048175185,2518.0082167272703
1958-06-01,3049.009210526315,2923.7781701544536,2821.054783605828,2772,2700.1547709060105,3102.732968323073,3017.5678311391475,3042.371757274881,2952.827128616708,3071.2676132803017
1958-07-01,3439.2197368421043,3316.935307174668,3210.141879122635,3520,3366.02320051851,3622.677665454789,3506.847335060813,3565.87398639392,3085.3079625306946,3398.5073395130094
1958-08-01,4544.009210526315,4424.671385510524,4313.904827809509,3833,4153.747891647215,4291.748214663574,4029.4528315494986,4285.592189263006,4557.493740505441,4963.045399900624
1958-09-01,3794.219736842104,3677.828528391205,3563.1857349296097,3377,3698.9747250372425,3953.5217687580607,3701.845591374875,3974.076873185364,3274.45370888302,2770.463120457767
1958-10-01,3325.167105263157,3211.7225103582127,3093.3003899566183,3013,3007.37481028989,3688.948744142144,3453.940285190892,3676.3986365297583,2906.6835564745124,3283.4103219819917
1958-11-01,3145.6407894736835,3035.1428050342934,2913.038266574749,2871,2940.516325685737,3315.070435048789,3153.56483086368,3313.8361574748305,2852.617668510902,2961.5281660083983
1958-12-01,2907.1144736842098,2799.5630990672043,2673.873048994524,2592,2701.4810912945404,2929.4748587667486,2787.9006122089986,2943.213558510374,2579.71740776787,2428.6625563294874
1959-01-01,2730.328070175437,2626.214406496607,2525.1050554541034,2375,2464.172354736358,2639.921975039719,2529.794221580536,2630.385082549271,2609.4389480750306,2372.28648180635
1959-02-01,2712.696491228069,2612.511650674511,2508.042892543216,2304,2574.7597182104582,2533.8365956968173,2450.966955208329,2520.8115625702712,2358.949675008916,2342.9333163274914
1959-03-01,2849.380701754385,2753.1246821912214,2645.4257268415386,2464,2604.670915165302,2602.3616225095884,2426.957150310936,2591.7053241619537,2262.9825896095645,2407.3890404848653
1959-04-01,2957.4333333333325,2865.106133905028,2754.306189928023,2557,2746.8745436101426,2799.825995698264,2610.1020271222774,2810.6061060832176,2511.748669102958,2848.2311320893696
1959-05-01,3020.328070175437,2931.9296901420253,2818.157966013194,2739,2885.794296601236,2877.6455282884067,2773.6193623015984,2865.2400590837715,2421.826462673021,2682.814136082471
1959-06-01,3174.801754385964,3090.332192051281,2973.717897202313,2714,2852.830166942499,3102.640008328245,3040.30862847646,3081.9004744080435,2771.0584830533,2922.0904903978517
1959-07-01,3565.0122807017533,3484.471533361547,3365.1438782322243,3102,3521.0294769774446,3506.67641622885,3321.812137654374,3503.618588241987,3294.38921096169,3454.563521769791
1959-08-01,4669.801754385964,4593.189815987456,4471.278014366084,3961,4311.117159516558,3706.876170473379,3474.589262433583,3758.0948880279625,4096.696249395777,3555.856444855519
1959-09-01,3920.0122807017538,3847.329163158191,3722.9624108670528,3772,3858.739095304964,3787.628988835104,3544.4596772199584,3884.399011893371,3243.8098446354625,3547.7280472664906
1959-10-01,3450.9596491228062,3382.2053494152506,3255.5128572088124,3245,3169.5663939439564,3581.6387678457604,3319.5256190494456,3622.044721303994,3226.7241118635084,3559.6780089123877
1959-11-01,3271.4333333333325,3206.6078483813835,3077.7188270755737,3104,3105.1672337141144,3227.395157250613,3050.102038704921,3214.55412898546,3136.503953173662,3184.139694897942
1959-12-01,3032.9070175438587,2972.010346704348,2841.054004677862,2869,2868.623434685196,2933.325402428934,2838.169614630173,2933.322067998998,2693.5769136677945,2916.2678999181653
1960-01-01,2856.120614035087,2799.643858423803,2694.818708253839,2513,2633.838244477258,2697.6958572936483,2583.25215133352,2684.0772938156624,2496.7203729793346,2740.631620182163
1960-02-01,2838.4890350877185,2786.92330689176,2680.321544393229,2385,2746.981265289569,2548.4546689282,2480.725082884924,2517.177722978664,2474.9297271366595,2530.8560707844244
1960-03-01,2975.1732456140344,2928.5185426985217,2820.3016796757124,2756,2779.4802305705907,2607.303089565305,2490.0085828865604,2601.6257808713344,2536.353133182487,2622.3531041501747
1960-04-01,3083.225877192981,3041.482198702381,2931.811745680239,2927,2924.303738329575,2857.9722013731684,2631.4819125001204,2894.7603404988886,2860.1896413747427,2968.700470035631
1960-05-01,3146.120614035087,3109.287959229431,2998.325426617336,2940,3065.875481622781,3038.7646082029955,2855.297012019399,3055.517673387242,3068.0907629429967,3211.1243694113837
1960-06-01,3300.594298245613,3268.6726654287395,3156.579564592261,3180,3035.595453254121,3115.183068841627,3042.0641255325927,3074.59995614965,2925.468997796253,2955.2552829603446
1960-07-01,3690.804824561402,3663.794211029058,3550.732054341861,3791,3706.510975567111,3546.060511834049,3428.8734448209457,3519.485019968728,3659.8518246975273,3690.334850600615
1960-08-01,4795.594298245614,4773.49469794502,4659.6250011292905,4093,4499.346981372237,4119.843438093833,3876.2032482077975,4120.807627056549,4369.986949818151,4762.322183942771
1960-09-01,4045.804824561402,4028.616249405807,3914.100510217713,4309,4049.74935141462,4083.878202258272,3822.2938923519664,4091.585796345548,3852.532619190846,3969.1212846717126
1960-10-01,3576.752192982455,3564.4746399529195,3449.4743710808066,3532,3363.3891952955573,3933.3221929268257,3715.614124659627,3946.67013322601,3658.159265917131,3878.6492367916526
1960-11-01,3397.225877192982,3389.8593432091056,3274.5360574027864,3408,3301.834691295626,3524.977976853388,3284.1078598917825,3488.6807632312093,3519.8667358157945,3495.7031782618506
1960-12-01,3158.699561403508,3156.2440458221217,3040.7592533941743,2839,3068.167659484585,3208.640992209408,3086.665841228468,3206.186158580578,3169.970699326336,3226.6036055009945
1961-01-01,2981.913157894736,2984.85976183163,2897.444277293132,2792,2836.29134748249,2762.7238613661325,2687.574768329397,2711.5452700484893,2723.2670553641456,2562.9802850961005
1961-02-01,2964.2815789473675,2973.121414589639,2885.899735689386,2798,2952.375357488614,2731.545908249516,2679.4286647039803,2711.5324033151883,2658.561616784177,2752.564584438511
1961-03-01,3100.965789473684,3115.698854686454,3028.864795162616,3007,2987.847422951413,2959.2364317798324,2800.2015866668758,2961.291515707604,3067.374063412337,3276.9534919139387
1961-04-01,3209.0184210526304,3229.644714980366,3143.392087291769,3086,3135.6761418801425,3179.737601065584,2980.6664935314298,3190.492944016008,3119.961552508721,3245.351080950173
1961-05-01,3271.9131578947363,3298.432679797468,3212.955296287375,3201,3280.285207331058,3300.236660985465,3110.318941396813,3262.5133000968613,3206.928432385176,3182.0276778863827
1961-06-01,3426.3868421052625,3458.7995902868297,3374.2912642546926,3428,3253.0746121080765,3566.009828370396,3494.478420959605,3506.873576553821,3341.1050136827344,3552.2230526645426
1961-07-01,3816.597368421052,3854.9033401772,3771.557885930568,3754,3927.091678554711,3973.129857955105,3796.865290172357,3909.720634159669,3821.3504618258376,4071.430250437468
1961-08-01,4921.386842105262,4965.586031383215,4883.597266578154,4917,4723.061339481446,4239.829185864329,4082.74599426779,4181.346276780446,4432.251998404896,4183.442244701155
1961-09-01,4171.597368421051,4221.689787134054,4141.251511460614,3760,4276.629475633408,4585.936468135064,4376.022701389966,4534.417102189751,4696.851113640492,5213.111844396812
1961-10-01,3702.5447368421046,3758.53038197122,3679.836410051628,3609,3593.4671966118904,3952.0928953912494,3653.108218488621,3869.4679941613167,3538.887514253568,3068.3283538818614
1961-11-01,3523.018421052631,3584.8972895174584,3508.1414360354106,3471,3535.1426806974696,3635.879728345848,3486.3243702110426,3603.2254408866406,3329.0632303282146,3478.77639881749
1961-12-01,3284.492105263157,3352.264196420527,3277.640273622484,3347,3304.737747959908,3250.9255699170017,3155.9017107137847,3233.892557109285,3106.1618820762087,3063.9164422106824
1962-01-01,3107.705701754385,3181.862116720088,3137.633241051007,3333,3076.155646019258,3150.2085004385617,3037.1910149460264,3150.2472883936343,3041.887684798929,3376.3253975402167
1962-02-01,3090.0741228070165,3171.10597376815,3129.4289449107114,3456,3195.5659770747907,3189.1231988231925,3106.7026529351724,3178.433085080119,3157.8059292859944,3463.470292102994
1962-03-01,3226.7583333333323,3314.665618155017,3275.7665517812698,3569,3234.396474574968,3417.444311696019,3252.83693261411,3417.9526786730808,3508.9694468199123,3759.404771885783
1962-04-01,3334.81096491228,3429.593682738982,3393.698693241637,3900,3385.615736529042,3571.028695200807,3262.815521740196,3540.239100921186,3671.23792239352,3714.3000286991337
1962-05-01,3397.705701754385,3499.3638518461366,3466.6990535023383,3909,3533.6474559932667,3773.1212521204016,3721.573872417304,3727.192542598792,3822.944608566954,4126.927623125519
1962-06-01,3552.1793859649115,3660.712966625552,3631.504474668635,4098,3509.891625771565,3947.491755739719,3829.7182241984856,3851.997763115904,4067.827294895929,4186.317276886466
1962-07-01,3942.389912280701,4057.798920805975,4032.272851477367,4826,4187.395568207442,4326.364190243392,4245.143937112175,4202.481698684725,4693.263911084071,4628.2277501850995
1962-08-01,5047.179385964912,5169.463816302042,5147.846289191697,5770,4986.884216111391,4774.017682144117,4639.987298423347,4640.694589770634,5366.609942883282,5970.191480441852
1962-09-01,4297.389912280701,4426.549776342934,4409.06689307478,5108,4544.00345022853,4692.028769418816,4558.200922026782,4583.99012092564,5154.450021952176,4800.7302472316005
1962-10-01,3828.3372807017536,3964.3725754701513,3951.250452600301,4360,3864.424380160155,4465.679336300493,4267.112645306579,4318.317729553966,4721.733864279409,4986.992120193574
1962-11-01,3648.81096491228,3791.7216873064426,3783.186441452469,4100,3809.715184186847,4050.528367554912,3985.859808917785,3910.008990652404,4350.547876672563,4364.335386374818
1962-12-01,3410.2846491228065,3560.0707984995643,3556.3485438418134,3562,3582.957682378362,3776.160392683065,3755.692966815477,3677.5378395248895,3874.633435680257,4005.707788600468
1963-01-01,3233.498245614034,3390.650923089177,3420.037078006489,3284,3358.0551223547554,3497.242240612324,3515.334199137428,3407.4355580013053,3743.420805368858,3646.36917104225
1963-02-01,3215.866666666666,3380.8769844272915,3415.560650536227,3278,3481.177106315302,3434.0444897388084,3481.020373703108,3341.497445537207,3596.469915140806,3440.166758078665
1963-03-01,3352.5508771929817,3525.418833104212,3565.658428010703,3424,3523.751367708456,3616.794154493362,3543.42190419063,3522.7185503932783,3698.887484754231,3484.6735465431657
1963-04-01,3460.603508771929,3641.329101978229,3687.383042008869,3843,3678.7465045434737,3909.351561667385,3676.352268649492,3807.9399269871774,3788.856457269442,3826.726634935214
1963-05-01,3523.498245614034,3712.0814753754366,3764.208176741252,3614,3830.586209876612,4134.2672532491,4066.981493691766,4007.763259651334,3874.866653108444,3914.251272466321
1963-06-01,3677.97192982456,3874.412794444903,3932.87067431311,3536,3810.6704765117865,4280.379008414774,4271.066695511023,4080.40292805217,3987.5054007648,3898.3573572952437
1963-07-01,4068.18245614035,4272.480952915379,4337.528429461287,4505,4492.046626792508,4635.688987725589,4652.167629552416,4401.946567035038,4170.540755705464,4261.144110581183
1963-08-01,5172.971929824561,5385.128052701499,5457.023547448944,5456,5295.43959352927,5029.833476791289,5158.416976867773,4813.052522192538,5438.841554397917,5590.655336864009
1963-09-01,4423.18245614035,4643.196217032444,4722.198133539236,4881,4856.495257467184,5033.501498483392,5066.256477694228,4835.641285469419,4534.1230016725785,4831.124447964823
1963-10-01,3954.1298245614025,4182.001220449714,4268.367977205848,4041,4180.884728207554,4725.717307107856,4577.190293835982,4534.03449324617,4224.892197721685,4247.57897292819
1963-11-01,3774.603508771929,4010.332536576058,4104.32255213299,3724,4130.176184030956,4254.451439265738,4117.44101035938,4098.6470972127245,3900.4483555806783,3834.903777974061
1963-12-01,3536.077192982455,3779.663852059232,3881.5355425311895,3525,3907.451445007148,3747.763478742794,3652.434350445549,3657.273144179082,3341.972107779065,3242.234267295129
1964-01-01,3359.290789473683,3611.2261809388974,3749.307266638603,3437,3686.613758756185,3445.408876801296,3442.228506266173,3391.9876130686503,3258.504439803579,3323.3167583734194
1964-02-01,3341.659210526315,3602.4344465670647,3748.94633104496,3324,3813.832727477344,3426.44912419546,3444.6042504620773,3375.169424650378,3389.293976885231,3539.199445185308
1964-03-01,3478.343421052631,3747.958499534038,3903.1919023299374,3977,3860.536084619077,3619.637497236585,3468.71624365129,3548.357811377046,3465.329305208072,3568.3622478180305
1964-04-01,3586.396052631578,3864.8509726981074,4029.096612072488,4025,4019.6924281906377,4089.938932468348,3800.206669335636,4034.156887867858,4055.996800949575,4504.172062647703
1964-05-01,3649.290789473683,3936.5855503853672,4110.134144483136,4016,4175.725451248287,4043.5879997729166,3892.960610627009,3935.6203744661966,3891.072855744736,3868.709016627249
1964-06-01,3803.76447368421,4099.899073744887,4283.04134166714,4031,4160.035146595939,4151.863201701112,4188.142943256944,3979.800076862784,4003.433157882055,4025.412230383651
1964-07-01,4193.974999999999,4498.949436505416,4691.976098361349,4489,4845.668836577104,4635.08117740761,4670.887898383032,4417.164980854934,4889.017150948133,5110.418246692996
1964-08-01,5298.76447368421,5612.578740581588,5815.780519828917,5563,5653.351454002277,4941.426806309751,4964.064159190176,4732.131226207494,5610.526096567959,5519.338302296474
1964-09-01,4548.974999999999,4871.629109202585,5085.296711333005,5709,5218.72887961657,4961.18463641044,4957.520490256509,4789.111969329059,4993.839208255449,5058.884025673284
1964-10-01,4079.922368421052,4411.416316909908,4635.8404623472925,4620,4547.472223021283,4791.198087556561,4698.579289541111,4626.783760468806,4611.948816204971,5003.1383996031
1964-11-01,3900.396052631578,4240.729837326305,4476.201246555993,4160,4501.149662496997,4333.236376682881,4146.927516043239,4157.653057790014,4419.473631015173,4411.350128916458
1964-12-01,3661.869736842104,4011.043357099531,4257.852748169633,4012,4282.843018113466,3933.2934214184265,3941.481652632053,3795.076501892064,3886.592226805537,4042.4772330346095
1965-01-01,3485.0833333333326,3843.587890269249,4130.0952854263705,3987,4066.4555374907495,3703.2011525602406,3737.603021493751,3613.4910236277815,3701.173794999824,3996.29780617325
1965-02-01,3467.451754385964,3835.778360187469,4134.23746491593,4155,4198.156822828118,3725.436017216542,3791.251115015861,3640.103878657564,3895.155507517573,4002.8211401939807
1965-03-01,3604.13596491228,3982.2846174444944,4293.018453217999,4054,4249.374607574028,4143.036879109928,4084.879697443401,4024.20811589477,4460.723871879491,4874.884121204766
1965-04-01,3712.188596491227,4100.159294898617,4423.490881911515,4485,4413.077489737733,4231.581876654224,4024.375906074404,4089.550670374306,4488.057238938567,4213.218499025471
1965-05-01,3775.0833333333326,4172.87607687593,4509.128435207014,4558,4573.689162375495,4396.050911498626,4294.922366205417,4240.221647027616,4394.346898340464,4549.088334564283
1965-06-01,3929.5570175438593,4337.171804525502,4686.667955209756,4462,4562.609618291224,4488.51601403337,4575.989594296254,4281.381917532497,4428.269716313418,4657.365160096708
1965-07-01,4319.767543859648,4737.204371576083,5100.267336656578,4594,5252.886179828433,4743.348048292252,4902.659178936756,4481.513252282017,5159.303705223094,4980.501959319994
1965-08-01,5424.557017543859,5851.815879942307,6228.768684810644,6481,6065.243779797618,5058.293716551852,5286.633267673353,4778.684273490578,5971.379865484803,5781.259955296489
1965-09-01,4674.767543859648,5111.848452853357,5503.01410493511,6345,5635.3282989438885,5309.064625131423,5748.590806592528,5050.542413196852,5942.58469435291,6721.98080305467
1965-10-01,4205.7149122807,4652.617864850734,5058.319386503661,5142,4968.810846868545,5125.528767615356,5209.193845949309,4857.925110834973,5245.124647457478,5366.411125549588
1965-11-01,4026.188596491228,4482.913589557182,4903.474003200508,4824,4927.259601852171,4690.961191824303,4746.971995180566,4431.77196187052,4800.60449984801,4740.78283903535
1965-12-01,3787.662280701754,4254.209313620462,4689.951639236171,4573,4713.756383964517,4420.5499587914455,4526.729088242696,4206.089709741724,4601.677349065787,4766.909587014787
1966-01-01,3610.8758771929815,4087.736051080232,4567.052612848816,4158,4502.204440825645,4244.418913978326,4327.031679197408,4089.329857720559,4564.127198606559,4672.406763245333
1966-02-01,3593.2442982456128,4080.908725288505,4576.085530628168,4140,4638.773374634824,4071.904471084595,4205.462405083186,3902.244039821997,4314.902644845188,4316.446871139095
1966-03-01,3729.928508771929,4228.397186835583,4739.789559153907,4251,4694.890918840512,4137.355734254574,4296.351131992856,3948.1416713678177,4516.756323819856,4158.8178026932
1966-04-01,3837.981140350877,4347.254068579758,4875.21733000498,4734,4863.525671451962,4478.250306770517,4310.40040194991,4280.353412600477,4689.039323689933,4744.057809656042
1966-05-01,3900.8758771929815,4420.953054847123,4965.842527391915,4858,5029.101325525434,4673.537972806118,4680.780928348053,4460.173004249399,4737.319601646201,4916.663464936162
1966-06-01,4055.349561403508,4586.230986786748,5148.401993419973,4798,5023.017873864842,4710.054854738728,4916.811699125926,4451.897875796188,4728.008763301079,4802.173077026378
1966-07-01,4445.560087719297,4987.245758127382,5567.053622825997,5080,5718.322638813695,4959.920933877018,5307.247801439297,4630.997576738004,5127.123344642403,5080.620190127747
1966-08-01,5550.349561403507,6102.839470783659,6700.639520873148,6905,6535.74055318249,5341.994597546805,5967.2465112810605,5000.38318164489,6526.318903698091,7010.596180450975
1966-09-01,4800.560087719297,5363.854247984761,5980.00179282458,5504,6110.917497716338,5454.659626901842,6315.934240871558,5146.0802019829225,6673.277211892168,6868.33688712726
1966-10-01,4331.50745614035,4905.60586427219,5540.456228153977,5457,5449.524582016539,5122.69935274591,5285.942215622161,4798.048667516635,4949.217420705092,4325.551017443755
1966-11-01,4151.981140350877,4736.883793268691,5390.792300545551,5198,5413.129984363674,4948.512770941042,5223.358115576472,4677.478469913071,4777.102185386804,5226.90899475597
1966-12-01,3913.454824561403,4509.161721622024,5182.483694209828,4890,5204.815524827501,4729.919052628776,4812.712722560263,4495.835000612567,4907.60242833056,5092.253131812742
